{
  "bubble_depth_gap": -1.5,
  "snowball_slope_error": -0.4500000000000001,
  "treatment_gap_error": -0.7000000000000001,
  "terminal_holder_gap": -0.20909090909090908,
  "raw_mean_bubble_depth": 1.0,
  "raw_terminal_holder_freq": 0.09090909090909091,
  "raw_snowball_slope": -0.2500000000000001,
  "raw_treatment_gap": -0.55
}