{
  "total_buckets": 4,
  "sparse_bucket_fraction": 0.75,
  "weighted_js_divergence": 0.03484015548985887,
  "weighted_kl_divergence": 0.11692552715067234,
  "mean_absolute_buy_rate_gap": 0.1634146341463414
}